broadcastDate,url
2016-04-13,https://mahou-contents.mbs.jp/shops/onair/2016-04-13
2016-04-20,https://mahou-contents.mbs.jp/shops/onair/2016-04-20
2016-04-27,https://mahou-contents.mbs.jp/shops/onair/2016-04-27
2016-05-04,https://mahou-contents.mbs.jp/shops/onair/2016-05-04
2016-05-11,https://mahou-contents.mbs.jp/shops/onair/2016-05-11
2016-05-25,https://mahou-contents.mbs.jp/shops/onair/2016-05-25
2016-06-01,https://mahou-contents.mbs.jp/shops/onair/2016-06-01
2016-06-08,https://mahou-contents.mbs.jp/shops/onair/2016-06-08
2016-06-15,https://mahou-contents.mbs.jp/shops/onair/2016-06-15
2016-06-22,https://mahou-contents.mbs.jp/shops/onair/2016-06-22
2016-07-06,https://mahou-contents.mbs.jp/shops/onair/2016-07-06
2016-07-13,https://mahou-contents.mbs.jp/shops/onair/2016-07-13
2016-07-20,https://mahou-contents.mbs.jp/shops/onair/2016-07-20
2016-07-27,https://mahou-contents.mbs.jp/shops/onair/2016-07-27
2016-08-03,https://mahou-contents.mbs.jp/shops/onair/2016-08-03
2016-08-31,https://mahou-contents.mbs.jp/shops/onair/2016-08-31
2016-09-07,https://mahou-contents.mbs.jp/shops/onair/2016-09-07
2016-09-14,https://mahou-contents.mbs.jp/shops/onair/2016-09-14
2016-09-28,https://mahou-contents.mbs.jp/shops/onair/2016-09-28
2016-10-05,https://mahou-contents.mbs.jp/shops/onair/2016-10-05
2016-10-12,https://mahou-contents.mbs.jp/shops/onair/2016-10-12
2016-10-19,https://mahou-contents.mbs.jp/shops/onair/2016-10-19
2016-11-02,https://mahou-contents.mbs.jp/shops/onair/2016-11-02
2016-11-09,https://mahou-contents.mbs.jp/shops/onair/2016-11-09
2016-11-16,https://mahou-contents.mbs.jp/shops/onair/2016-11-16
2016-11-30,https://mahou-contents.mbs.jp/shops/onair/2016-11-30
2016-12-21,https://mahou-contents.mbs.jp/shops/onair/2016-12-21
2017-01-11,https://mahou-contents.mbs.jp/shops/onair/2017-01-11
2017-01-18,https://mahou-contents.mbs.jp/shops/onair/2017-01-18
2017-01-25,https://mahou-contents.mbs.jp/shops/onair/2017-01-25
2017-02-08,https://mahou-contents.mbs.jp/shops/onair/2017-02-08
2017-02-15,https://mahou-contents.mbs.jp/shops/onair/2017-02-15
2017-02-22,https://mahou-contents.mbs.jp/shops/onair/2017-02-22
2017-03-15,https://mahou-contents.mbs.jp/shops/onair/2017-03-15
2017-03-29,https://mahou-contents.mbs.jp/shops/onair/2017-03-29
2017-04-19,https://mahou-contents.mbs.jp/shops/onair/2017-04-19
2017-04-26,https://mahou-contents.mbs.jp/shops/onair/2017-04-26
2017-05-03,https://mahou-contents.mbs.jp/shops/onair/2017-05-03
2017-05-10,https://mahou-contents.mbs.jp/shops/onair/2017-05-10
2017-05-17,https://mahou-contents.mbs.jp/shops/onair/2017-05-17
2017-05-24,https://mahou-contents.mbs.jp/shops/onair/2017-05-24
2017-05-31,https://mahou-contents.mbs.jp/shops/onair/2017-05-31
2017-06-07,https://mahou-contents.mbs.jp/shops/onair/2017-06-07
2017-06-14,https://mahou-contents.mbs.jp/shops/onair/2017-06-14
2017-06-21,https://mahou-contents.mbs.jp/shops/onair/2017-06-21
2017-06-28,https://mahou-contents.mbs.jp/shops/onair/2017-06-28
2017-07-05,https://mahou-contents.mbs.jp/shops/onair/2017-07-05
2017-07-19,https://mahou-contents.mbs.jp/shops/onair/2017-07-19
2017-07-26,https://mahou-contents.mbs.jp/shops/onair/2017-07-26
2017-08-02,https://mahou-contents.mbs.jp/shops/onair/2017-08-02
2017-08-16,https://mahou-contents.mbs.jp/shops/onair/2017-08-16
2017-09-06,https://mahou-contents.mbs.jp/shops/onair/2017-09-06
2017-09-13,https://mahou-contents.mbs.jp/shops/onair/2017-09-13
2017-09-20,https://mahou-contents.mbs.jp/shops/onair/2017-09-20
2017-10-04,https://mahou-contents.mbs.jp/shops/onair/2017-10-04
2017-10-11,https://mahou-contents.mbs.jp/shops/onair/2017-10-11
2017-10-18,https://mahou-contents.mbs.jp/shops/onair/2017-10-18
2017-11-08,https://mahou-contents.mbs.jp/shops/onair/2017-11-08
2017-11-15,https://mahou-contents.mbs.jp/shops/onair/2017-11-15
2017-11-22,https://mahou-contents.mbs.jp/shops/onair/2017-11-22
2017-11-29,https://mahou-contents.mbs.jp/shops/onair/2017-11-29
2017-12-20,https://mahou-contents.mbs.jp/shops/onair/2017-12-20
2017-12-27,https://mahou-contents.mbs.jp/shops/onair/2017-12-27
2018-01-10,https://mahou-contents.mbs.jp/shops/onair/2018-01-10
2018-01-17,https://mahou-contents.mbs.jp/shops/onair/2018-01-17
2018-01-24,https://mahou-contents.mbs.jp/shops/onair/2018-01-24
2018-02-07,https://mahou-contents.mbs.jp/shops/onair/2018-02-07
2018-02-21,https://mahou-contents.mbs.jp/shops/onair/2018-02-21
2018-03-07,https://mahou-contents.mbs.jp/shops/onair/2018-03-07
2018-03-14,https://mahou-contents.mbs.jp/shops/onair/2018-03-14
2018-04-04,https://mahou-contents.mbs.jp/shops/onair/2018-04-04
2018-04-11,https://mahou-contents.mbs.jp/shops/onair/2018-04-11
2018-04-18,https://mahou-contents.mbs.jp/shops/onair/2018-04-18
2018-04-25,https://mahou-contents.mbs.jp/shops/onair/2018-04-25
2018-05-02,https://mahou-contents.mbs.jp/shops/onair/2018-05-02
2018-05-09,https://mahou-contents.mbs.jp/shops/onair/2018-05-09
2018-05-23,https://mahou-contents.mbs.jp/shops/onair/2018-05-23
2018-05-30,https://mahou-contents.mbs.jp/shops/onair/2018-05-30
2018-06-06,https://mahou-contents.mbs.jp/shops/onair/2018-06-06
2018-06-13,https://mahou-contents.mbs.jp/shops/onair/2018-06-13
2018-06-20,https://mahou-contents.mbs.jp/shops/onair/2018-06-20
2018-07-04,https://mahou-contents.mbs.jp/shops/onair/2018-07-04
2018-07-18,https://mahou-contents.mbs.jp/shops/onair/2018-07-18
2018-07-25,https://mahou-contents.mbs.jp/shops/onair/2018-07-25
2018-08-01,https://mahou-contents.mbs.jp/shops/onair/2018-08-01
2018-08-08,https://mahou-contents.mbs.jp/shops/onair/2018-08-08
2018-08-29,https://mahou-contents.mbs.jp/shops/onair/2018-08-29
2018-09-12,https://mahou-contents.mbs.jp/shops/onair/2018-09-12
2018-09-19,https://mahou-contents.mbs.jp/shops/onair/2018-09-19
2018-10-17,https://mahou-contents.mbs.jp/shops/onair/2018-10-17
2018-10-24,https://mahou-contents.mbs.jp/shops/onair/2018-10-24
2018-10-31,https://mahou-contents.mbs.jp/shops/onair/2018-10-31
2018-11-07,https://mahou-contents.mbs.jp/shops/onair/2018-11-07
2018-11-21,https://mahou-contents.mbs.jp/shops/onair/2018-11-21
2018-11-28,https://mahou-contents.mbs.jp/shops/onair/2018-11-28
2018-12-19,https://mahou-contents.mbs.jp/shops/onair/2018-12-19
2019-01-09,https://mahou-contents.mbs.jp/shops/onair/2019-01-09
2019-01-16,https://mahou-contents.mbs.jp/shops/onair/2019-01-16
2019-01-23,https://mahou-contents.mbs.jp/shops/onair/2019-01-23
2019-01-30,https://mahou-contents.mbs.jp/shops/onair/2019-01-30
2019-02-13,https://mahou-contents.mbs.jp/shops/onair/2019-02-13
2019-02-20,https://mahou-contents.mbs.jp/shops/onair/2019-02-20
2019-02-27,https://mahou-contents.mbs.jp/shops/onair/2019-02-27
2019-03-06,https://mahou-contents.mbs.jp/shops/onair/2019-03-06
2019-03-13,https://mahou-contents.mbs.jp/shops/onair/2019-03-13
2019-04-03,https://mahou-contents.mbs.jp/shops/onair/2019-04-03
2019-04-10,https://mahou-contents.mbs.jp/shops/onair/2019-04-10
2019-04-24,https://mahou-contents.mbs.jp/shops/onair/2019-04-24
2019-05-08,https://mahou-contents.mbs.jp/shops/onair/2019-05-08
2019-05-15,https://mahou-contents.mbs.jp/shops/onair/2019-05-15
2019-05-22,https://mahou-contents.mbs.jp/shops/onair/2019-05-22
2019-05-29,https://mahou-contents.mbs.jp/shops/onair/2019-05-29
2019-06-05,https://mahou-contents.mbs.jp/shops/onair/2019-06-05
2019-06-19,https://mahou-contents.mbs.jp/shops/onair/2019-06-19
2019-07-10,https://mahou-contents.mbs.jp/shops/onair/2019-07-10
2019-07-17,https://mahou-contents.mbs.jp/shops/onair/2019-07-17
2019-07-24,https://mahou-contents.mbs.jp/shops/onair/2019-07-24
2019-07-31,https://mahou-contents.mbs.jp/shops/onair/2019-07-31
2019-08-14,https://mahou-contents.mbs.jp/shops/onair/2019-08-14
2019-08-21,https://mahou-contents.mbs.jp/shops/onair/2019-08-21
2019-08-28,https://mahou-contents.mbs.jp/shops/onair/2019-08-28
2019-09-04,https://mahou-contents.mbs.jp/shops/onair/2019-09-04
2019-09-11,https://mahou-contents.mbs.jp/shops/onair/2019-09-11
2019-09-18,https://mahou-contents.mbs.jp/shops/onair/2019-09-18
2019-10-02,https://mahou-contents.mbs.jp/shops/onair/2019-10-02
2019-10-16,https://mahou-contents.mbs.jp/shops/onair/2019-10-16
2019-10-30,https://mahou-contents.mbs.jp/shops/onair/2019-10-30
2019-11-20,https://mahou-contents.mbs.jp/shops/onair/2019-11-20
2019-11-27,https://mahou-contents.mbs.jp/shops/onair/2019-11-27
2019-12-18,https://mahou-contents.mbs.jp/shops/onair/2019-12-18
2020-01-08,https://mahou-contents.mbs.jp/shops/onair/2020-01-08
2020-01-15,https://mahou-contents.mbs.jp/shops/onair/2020-01-15
2020-01-22,https://mahou-contents.mbs.jp/shops/onair/2020-01-22
2020-01-29,https://mahou-contents.mbs.jp/shops/onair/2020-01-29
2020-02-05,https://mahou-contents.mbs.jp/shops/onair/2020-02-05
2020-02-12,https://mahou-contents.mbs.jp/shops/onair/2020-02-12
2020-02-19,https://mahou-contents.mbs.jp/shops/onair/2020-02-19
2020-02-26,https://mahou-contents.mbs.jp/shops/onair/2020-02-26
2020-03-04,https://mahou-contents.mbs.jp/shops/onair/2020-03-04
2020-03-11,https://mahou-contents.mbs.jp/shops/onair/2020-03-11
2020-04-08,https://mahou-contents.mbs.jp/shops/onair/2020-04-08
2020-04-15,https://mahou-contents.mbs.jp/shops/onair/2020-04-15
2020-04-29,https://mahou-contents.mbs.jp/shops/onair/2020-04-29
2020-05-06,https://mahou-contents.mbs.jp/shops/onair/2020-05-06
2020-05-13,https://mahou-contents.mbs.jp/shops/onair/2020-05-13
2020-05-27,https://mahou-contents.mbs.jp/shops/onair/2020-05-27
2020-06-03,https://mahou-contents.mbs.jp/shops/onair/2020-06-03
2020-06-10,https://mahou-contents.mbs.jp/shops/onair/2020-06-10
2020-06-24,https://mahou-contents.mbs.jp/shops/onair/2020-06-24
2020-07-01,https://mahou-contents.mbs.jp/shops/onair/2020-07-01
2020-07-08,https://mahou-contents.mbs.jp/shops/onair/2020-07-08
2020-07-15,https://mahou-contents.mbs.jp/shops/onair/2020-07-15
2020-07-22,https://mahou-contents.mbs.jp/shops/onair/2020-07-22
2020-07-29,https://mahou-contents.mbs.jp/shops/onair/2020-07-29
2020-08-12,https://mahou-contents.mbs.jp/shops/onair/2020-08-12
2020-09-02,https://mahou-contents.mbs.jp/shops/onair/2020-09-02
2020-09-09,https://mahou-contents.mbs.jp/shops/onair/2020-09-09
2020-09-16,https://mahou-contents.mbs.jp/shops/onair/2020-09-16
2020-09-23,https://mahou-contents.mbs.jp/shops/onair/2020-09-23
2020-10-21,https://mahou-contents.mbs.jp/shops/onair/2020-10-21
2020-10-28,https://mahou-contents.mbs.jp/shops/onair/2020-10-28
2020-11-04,https://mahou-contents.mbs.jp/shops/onair/2020-11-04
2020-11-11,https://mahou-contents.mbs.jp/shops/onair/2020-11-11
2020-11-18,https://mahou-contents.mbs.jp/shops/onair/2020-11-18
2020-12-16,https://mahou-contents.mbs.jp/shops/onair/2020-12-16
2021-01-06,https://mahou-contents.mbs.jp/shops/onair/2021-01-06
2021-01-13,https://mahou-contents.mbs.jp/shops/onair/2021-01-13
2021-01-20,https://mahou-contents.mbs.jp/shops/onair/2021-01-20
2021-01-27,https://mahou-contents.mbs.jp/shops/onair/2021-01-27
2021-02-03,https://mahou-contents.mbs.jp/shops/onair/2021-02-03
2021-02-10,https://mahou-contents.mbs.jp/shops/onair/2021-02-10
2021-02-17,https://mahou-contents.mbs.jp/shops/onair/2021-02-17
2021-02-24,https://mahou-contents.mbs.jp/shops/onair/2021-02-24
2021-03-03,https://mahou-contents.mbs.jp/shops/onair/2021-03-03
2021-03-10,https://mahou-contents.mbs.jp/shops/onair/2021-03-10
2021-04-07,https://mahou-contents.mbs.jp/shops/onair/2021-04-07
2021-04-14,https://mahou-contents.mbs.jp/shops/onair/2021-04-14
2021-05-05,https://mahou-contents.mbs.jp/shops/onair/2021-05-05
2021-05-12,https://mahou-contents.mbs.jp/shops/onair/2021-05-12
2021-05-19,https://mahou-contents.mbs.jp/shops/onair/2021-05-19
2021-05-26,https://mahou-contents.mbs.jp/shops/onair/2021-05-26
2021-06-02,https://mahou-contents.mbs.jp/shops/onair/2021-06-02
2021-06-09,https://mahou-contents.mbs.jp/shops/onair/2021-06-09
